Tìm Theo Key;Chọn Từ Khóa Ngách SP;Dò từ chính Website sản phẩm;Đa số công ty AI/SaaS đặt link Affiliate/Partner/Referral dưới chân trang.;
affiliate program;AI writing tool affiliate program;;Tìm các từ: referral, affiliate, partnerstack, rewardful, firstpromoter.;
affiliate signup;AI content generation affiliate;;Ví dụ: site:*getrewardful.com, site:*tapfiliate.com, site:*leaddyno.com, site:*shoutout.global;
become an affiliate;AI SEO writing tool partner;;;
SaaS affiliate program;AI image generator affiliate program;;;
software affiliate;AI art tool affiliate;;;
ecommerce affiliate program;AI design software partner program;Theo dõi đối thủ / Blogger;Xem link affiliate mà đối thủ dùng, thường có dạng ?ref=abc hoặc /partner/xyz.;
finance affiliate program;AI video editing affiliate program;;"Copy tên thương hiệu rồi tìm trên Google với cụm ""affiliate program"".";
course affiliate program;AI dubbing tool affiliate program;;;
health affiliate program;AI analytics tool affiliate program;;;
fitness affiliate program;AI SaaS affiliate program;;;
powered by FirstPromoter;AI CRM affiliate program;;;
powered by Rewardful;AI productivity software affiliate;Dùng công cụ và Extension;Khi search Google hoặc vào website, extension highlight những site có affiliate.;
powered by Rewardful™ SaaS;AI chatbot affiliate program;;Phát hiện website đang dùng hệ thống/công nghệ Affiliate nào.;
"intitle:""affiliate program"" + niche → lọc kết quả có tiêu đề chứa affiliate";AI assistant affiliate program;;;
top AI tools with affiliate program;AI API affiliate program;;;
;;;;
;;;;