Campaign,Ad Group,Keyword,Match Type,Status
GGL-US-SmartRing-01,Oura-Alternatives,alternative zu oura ring armband,Phrase,Enabled
GGL-US-SmartRing-01,Oura-Alternatives,oura ring alternative human,Phrase,Enabled
GGL-US-SmartRing-01,Oura-Alternatives,oura ring günstige alternative,Phrase,Enabled
GGL-US-SmartRing-01,Oura-Alternatives,ring alternative to oura,Phrase,Enabled
GGL-US-SmartRing-01,Oura-Alternatives,oura ring alternative for cycle tracking,Phrase,Enabled
GGL-US-SmartRing-01,Oura-Alternatives,oura ring günstigere alternative,Phrase,Enabled
GGL-US-SmartRing-01,Oura-Alternatives,oura ring alternative temperature,Phrase,Enabled
GGL-US-SmartRing-01,Oura-Alternatives,best oura ring alternative australia,Phrase,Enabled
GGL-US-SmartRing-01,Oura-Alternatives,best oura ring alternative under 100,Phrase,Enabled
GGL-US-SmartRing-01,Oura-Alternatives,is there an oura ring alternative,Phrase,Enabled
GGL-US-SmartRing-01,Oura-Alternatives,whoop and oura ring alternative,Phrase,Enabled
GGL-US-SmartRing-01,Oura-Alternatives,alternative zu oura ring 5,Phrase,Enabled
GGL-US-SmartRing-01,Oura-Alternatives,best oura ring alternative without subscription,Phrase,Enabled
GGL-US-SmartRing-01,Oura-Alternatives,oura ring alternative ios,Phrase,Enabled
GGL-US-SmartRing-01,Oura-Alternatives,oura ring alternatives no subscription,Phrase,Enabled
GGL-US-SmartRing-01,Oura-Alternatives,oura ring alternative slim,Phrase,Enabled
GGL-US-SmartRing-01,Oura-Alternatives,oura ring 4 alternative reddit,Phrase,Enabled
GGL-US-SmartRing-01,Oura-Alternatives,oura ring alternative wirecutter,Phrase,Enabled
GGL-US-SmartRing-01,Oura-Alternatives,oura ring alternative amazon,Phrase,Enabled
GGL-US-SmartRing-01,Oura-Alternatives,best oura ring alternative for men,Phrase,Enabled
GGL-US-SmartRing-01,Oura-Alternatives,oura ring alternative sleep tracking,Phrase,Enabled
GGL-US-SmartRing-01,Oura-Alternatives,what is the best oura ring alternative,Phrase,Enabled
GGL-US-SmartRing-01,Oura-Alternatives,oura ring alternative costco,Phrase,Enabled
GGL-US-SmartRing-01,Oura-Alternatives,best oura ring alternative 2026,Phrase,Enabled
GGL-US-SmartRing-01,Oura-Alternatives,oura ring alternative aliexpress,Phrase,Enabled
GGL-US-SmartRing-01,Oura-Alternatives,oura ring alternative no sub,Phrase,Enabled
GGL-US-SmartRing-01,Oura-Alternatives,oura ring alternatives,Phrase,Enabled
GGL-US-SmartRing-01,Oura-Alternatives,oura ring substitute without subscription,Phrase,Enabled
GGL-US-SmartRing-01,Oura-Alternatives,oura ring alternative without subscription uk,Phrase,Enabled
GGL-US-SmartRing-01,Oura-Alternatives,luna smart ring oura alternative,Phrase,Enabled
GGL-US-SmartRing-01,Oura-Alternatives,best smart ring alternative to oura,Phrase,Enabled
GGL-US-SmartRing-01,Oura-Alternatives,oura ring non subscription alternative,Phrase,Enabled
GGL-US-SmartRing-01,Oura-Alternatives,oura ring alternative no subscription reddit,Phrase,Enabled
GGL-US-SmartRing-01,Oura-Alternatives,smart ring alternative zu oura,Phrase,Enabled
GGL-US-SmartRing-01,Oura-Alternatives,oura ring alternative watch,Phrase,Enabled
GGL-US-SmartRing-01,Oura-Alternatives,alternative to oura ring without subscription,Phrase,Enabled
GGL-US-SmartRing-01,Oura-Alternatives,oura ring alternative gold,Phrase,Enabled
GGL-US-SmartRing-01,Oura-Alternatives,alternative zum oura ring 4,Phrase,Enabled
GGL-US-SmartRing-01,Oura-Alternatives,oura ring alternative ohne abo,Phrase,Enabled
GGL-US-SmartRing-01,Oura-Alternatives,alternative to oura ring uk,Phrase,Enabled
GGL-US-SmartRing-01,Oura-Alternatives,oura ring alternative canada,Phrase,Enabled
GGL-US-SmartRing-01,Oura-Alternatives,oura ring alternative for fertility tracking,Phrase,Enabled
GGL-US-SmartRing-01,Oura-Alternatives,best oura ring alternative uk,Phrase,Enabled
GGL-US-SmartRing-01,Oura-Alternatives,oura ring alternative women,Phrase,Enabled
GGL-US-SmartRing-01,Oura-Alternatives,oura ring alternative uk reddit,Phrase,Enabled
GGL-US-SmartRing-01,Oura-Alternatives,oura ring better alternative,Phrase,Enabled
GGL-US-SmartRing-01,Oura-Alternatives,oura ring alternative fsa eligible,Phrase,Enabled
GGL-US-SmartRing-01,Oura-Alternatives,oura ring alternative kickstarter,Phrase,Enabled
GGL-US-SmartRing-01,Oura-Alternatives,oura ring alternative app,Phrase,Enabled
GGL-US-SmartRing-01,Oura-Alternatives,alternative to oura ring reddit,Phrase,Enabled
GGL-US-SmartRing-01,Oura-Alternatives,oura ring less expensive alternative,Phrase,Enabled
GGL-US-SmartRing-01,Oura-Alternatives,oura ring alternative xiaomi,Phrase,Enabled
GGL-US-SmartRing-01,Oura-Alternatives,oura ring alternative best,Phrase,Enabled
GGL-US-SmartRing-01,Oura-Alternatives,oura ring alternative not a ring,Phrase,Enabled
GGL-US-SmartRing-01,Oura-Alternatives,oura ring alternative affordable,Phrase,Enabled
GGL-US-SmartRing-01,Oura-Alternatives,oura ring alternative bracelet,Phrase,Enabled
GGL-US-SmartRing-01,Oura-Alternatives,best oura ring alternative reddit,Phrase,Enabled
GGL-US-SmartRing-01,Oura-Alternatives,oura ring alternative not ring,Phrase,Enabled
GGL-US-SmartRing-01,Oura-Alternatives,oura ring alternative ring,Phrase,Enabled
GGL-US-SmartRing-01,Oura-Alternatives,oura ring or alternative,Phrase,Enabled
GGL-US-SmartRing-01,Oura-Alternatives,oura ring alternative apple watch,Phrase,Enabled
GGL-US-SmartRing-01,Oura-Alternatives,oura ring alternative options,Phrase,Enabled
GGL-US-SmartRing-01,Oura-Alternatives,oura ring alternative for wrist,Phrase,Enabled
GGL-US-SmartRing-01,Oura-Alternatives,oura ring alternative australia,Phrase,Enabled
GGL-US-SmartRing-01,Oura-Alternatives,oura ring 5 alternative reddit,Phrase,Enabled
GGL-US-SmartRing-01,Oura-Alternatives,oura ring alternative wristband,Phrase,Enabled
GGL-US-SmartRing-01,Oura-Alternatives,oura ring alternative band,Phrase,Enabled
GGL-US-SmartRing-01,Oura-Alternatives,alternative zum oura ring ohne abo,Phrase,Enabled
GGL-US-SmartRing-01,Oura-Alternatives,oura ring whoop alternative,Phrase,Enabled
GGL-US-SmartRing-01,Oura-Alternatives,oura ring alternative brands,Phrase,Enabled
GGL-US-SmartRing-01,Oura-Alternatives,oura ring alternative for sleep tracking,Phrase,Enabled
GGL-US-SmartRing-01,Oura-Alternatives,oura ring alternative singapore,Phrase,Enabled
GGL-US-SmartRing-01,Oura-Alternatives,alternative zu oura ring 4,Phrase,Enabled
GGL-US-SmartRing-01,Oura-Alternatives,good oura ring alternative,Phrase,Enabled
GGL-US-SmartRing-01,Oura-Alternatives,best oura ring alternative for women,Phrase,Enabled
GGL-US-SmartRing-01,Oura-Alternatives,oura ring charger alternative reddit,Phrase,Enabled
GGL-US-SmartRing-01,Oura-Alternatives,oura ring alternative for sleep,Phrase,Enabled
GGL-US-SmartRing-01,Oura-Alternatives,oura ring alternative thinner,Phrase,Enabled
GGL-US-SmartRing-01,Oura-Alternatives,oura ring alternative without a subscription,Phrase,Enabled
GGL-US-SmartRing-01,Oura-Alternatives,oura ring alternative ovulation,Phrase,Enabled
GGL-US-SmartRing-01,Oura-Alternatives,alternative zu oura ring,Phrase,Enabled
GGL-US-SmartRing-01,Oura-Alternatives,oura ring alternative apple,Phrase,Enabled
GGL-US-SmartRing-01,Oura-Alternatives,oura ring and alternatives,Phrase,Enabled
GGL-US-SmartRing-01,Oura-Alternatives,oura ring alternative reddit,Phrase,Enabled
GGL-US-SmartRing-01,Oura-Alternatives,oura ring alternative that doesn't require subscription,Phrase,Enabled
GGL-US-SmartRing-01,Oura-Alternatives,oura ring alternative philippines,Phrase,Enabled
GGL-US-SmartRing-01,Oura-Alternatives,oura ring alternative zyklus,Phrase,Enabled
GGL-US-SmartRing-01,Oura-Alternatives,oura ring alternative cheaper,Phrase,Enabled
GGL-US-SmartRing-01,Oura-Alternatives,oura ring alternative charger,Phrase,Enabled
GGL-US-SmartRing-01,Oura-Alternatives,oura ring alternative no membership,Phrase,Enabled
GGL-US-SmartRing-01,Oura-Alternatives,oura ring alternative ringconn,Phrase,Enabled
GGL-US-SmartRing-01,Oura-Alternatives,oura ring alternative men,Phrase,Enabled
GGL-US-SmartRing-01,Oura-Alternatives,oura ring alternative for iphone,Phrase,Enabled
GGL-US-SmartRing-01,Oura-Alternatives,smart ring alternative to oura,Phrase,Enabled
GGL-US-SmartRing-01,Oura-Alternatives,oura ring alternative europe,Phrase,Enabled
GGL-US-SmartRing-01,Oura-Alternatives,is oura ring alternative,Phrase,Enabled
GGL-US-SmartRing-01,Oura-Alternatives,oura ring alternative that doesn't sell data,Phrase,Enabled
GGL-US-SmartRing-01,Oura-Alternatives,oura ring vs alternatives reddit,Phrase,Enabled
GGL-US-SmartRing-01,Oura-Alternatives,oura ring alternative wrist,Phrase,Enabled
GGL-US-SmartRing-01,Oura-Alternatives,oura ring birth control alternative,Phrase,Enabled
GGL-US-SmartRing-01,Oura-Alternatives,oura ring alternative palantir,Phrase,Enabled
GGL-US-SmartRing-01,Oura-Alternatives,oura ring alternative without subscription reddit,Phrase,Enabled
GGL-US-SmartRing-01,Oura-Alternatives,oura ring alternative reviews,Phrase,Enabled
GGL-US-SmartRing-01,Oura-Alternatives,oura ring alternative deutschland,Phrase,Enabled
GGL-US-SmartRing-01,Oura-Alternatives,alternative zu oura ring ohne abo,Phrase,Enabled
GGL-US-SmartRing-01,Oura-Alternatives,oura ring gen 4 alternative,Phrase,Enabled
GGL-US-SmartRing-01,Oura-Alternatives,oura ring alternative nz,Phrase,Enabled
GGL-US-SmartRing-01,Oura-Alternatives,oura ring natural cycles alternative,Phrase,Enabled
GGL-US-SmartRing-01,Oura-Alternatives,oura ring alternatives prime day,Phrase,Enabled
GGL-US-SmartRing-01,Oura-Alternatives,oura ring reviews and alternatives,Phrase,Enabled
GGL-US-SmartRing-01,Oura-Alternatives,oura ring cheaper alternative uk,Phrase,Enabled
GGL-US-SmartRing-01,Oura-Alternatives,oura ring cheaper alternative,Phrase,Enabled
GGL-US-SmartRing-01,Oura-Alternatives,oura ring alternative comparison,Phrase,Enabled
GGL-US-SmartRing-01,Oura-Alternatives,oura ring alternative no subscription,Phrase,Enabled
GGL-US-SmartRing-01,Oura-Alternatives,oura ring alternative earrings,Phrase,Enabled
GGL-US-SmartRing-01,Oura-Alternatives,best affordable oura ring alternative,Phrase,Enabled
GGL-US-SmartRing-01,Oura-Alternatives,oura ring alternative budget,Phrase,Enabled
GGL-US-SmartRing-01,Oura-Alternatives,oura ring alternative that doesn't require a monthly subscription,Phrase,Enabled
GGL-US-SmartRing-01,Oura-Alternatives,oura ring alternative for fertility,Phrase,Enabled
GGL-US-SmartRing-01,Oura-Alternatives,oura ring alternative for men,Phrase,Enabled
GGL-US-SmartRing-01,Oura-Alternatives,shop deals on oura ring alternative,Phrase,Enabled
GGL-US-SmartRing-01,Oura-Alternatives,what is the oura ring alternative,Phrase,Enabled
GGL-US-SmartRing-01,Oura-Alternatives,oura ring alternative without membership,Phrase,Enabled
GGL-US-SmartRing-01,Oura-Alternatives,oura ring alternative india,Phrase,Enabled
GGL-US-SmartRing-01,Oura-Alternatives,oura ring or alternative reddit,Phrase,Enabled
GGL-US-SmartRing-01,Oura-Alternatives,oura ring open source alternative,Phrase,Enabled
GGL-US-SmartRing-01,Oura-Alternatives,oura smart ring alternative,Phrase,Enabled
GGL-US-SmartRing-01,Oura-Alternatives,oura ring alternative uk,Phrase,Enabled
GGL-US-SmartRing-01,Oura-Alternatives,what are some oura ring alternatives,Phrase,Enabled
GGL-US-SmartRing-01,Oura-Alternatives,health ring oura alternative,Phrase,Enabled
GGL-US-SmartRing-01,Oura-Alternatives,oura ring alternative for women,Phrase,Enabled
GGL-US-SmartRing-01,Oura-Alternatives,oura ring alternative south africa,Phrase,Enabled
GGL-US-SmartRing-01,Oura-Alternatives,best ring alternative to oura,Phrase,Enabled
GGL-US-SmartRing-01,Oura-Alternatives,oura ring subscription alternative,Phrase,Enabled
GGL-US-SmartRing-01,Oura-Alternatives,oura ring alternatives for birth control,Phrase,Enabled
GGL-US-SmartRing-01,Oura-Alternatives,oura ring 4 charger alternative,Phrase,Enabled
GGL-US-SmartRing-01,Oura-Alternatives,oura ring vs alternative,Phrase,Enabled
GGL-US-SmartRing-01,Oura-Alternatives,oura ring alternative without subscription,Phrase,Enabled
GGL-US-SmartRing-01,Oura-Alternatives,oura ring cheaper alternative reddit,Phrase,Enabled
GGL-US-SmartRing-01,Oura-Alternatives,oura ring alternative china,Phrase,Enabled
GGL-US-SmartRing-01,Oura-Alternatives,oura ring alternative menstrual cycle,Phrase,Enabled
GGL-US-SmartRing-01,Oura-Alternatives,oura ring alternative no monthly fee,Phrase,Enabled
GGL-US-SmartRing-01,Oura-Alternatives,oura ring oder alternative,Phrase,Enabled
GGL-US-SmartRing-01,Oura-Alternatives,oura ring alternative privacy,Phrase,Enabled
GGL-US-SmartRing-01,Oura-Alternatives,oura ring alternative ultrahuman,Phrase,Enabled
GGL-US-SmartRing-01,Oura-Alternatives,oura ring vs cheaper alternative,Phrase,Enabled
