Keyword,Intent Category,Action Recommendation
best accounting software for freelancers,CONVERSION,Chạy Search Campaign (Exact/Phrase match)
buy accounting system pricing,CONVERSION,Chạy Search Campaign (Exact/Phrase match)
accounting software coupon discount code,CONVERSION,Chạy Search Campaign (Exact/Phrase match)
compare accounting platforms,CONVERSION,Chạy Search Campaign (Exact/Phrase match)
accounting software vs spreadsheets,CONVERSION,Chạy Search Campaign (Exact/Phrase match)
how do i install accounting software,CONVERSION,Chạy Search Campaign (Exact/Phrase match)
how to manage accounting for small business,EDUCATION,Làm Content Blog/SEO/YouTube
what is bookkeeping,EDUCATION,Làm Content Blog/SEO/YouTube
accounting tool free crack download,NEGATIVE_CANDIDATE,Thêm vào danh sách Phủ Định (Negative Keywords)
accounting job description,NEGATIVE_CANDIDATE,Thêm vào danh sách Phủ Định (Negative Keywords)
free accounting app for mac,NEGATIVE_CANDIDATE,Thêm vào danh sách Phủ Định (Negative Keywords)
accounting salary in new york,NEGATIVE_CANDIDATE,Thêm vào danh sách Phủ Định (Negative Keywords)
